student_id,group,phase,course_id,topic,score
S1000,C,pre,BSDS3002,Data Governance,40.01
S1001,D,post,BSDS3003,Deep Learning,96.9
S1002,A,pre,BSDS3001,Financial Modeling,51.1
S1003,C,post,BSDS3001,Reinforcement Learning,61.11
S1004,C,pre,BSDS3001,AI Ethics,75.23
S1005,D,post,BSDS3001,Regression Models,93.34
S1006,A,pre,BSDS3004,AI Ethics,78.84
S1007,A,post,BSDS3001,Data Governance,73.61
S1008,C,pre,BSDS3004,Neural Networks,70.95
S1009,B,post,BSDS3004,Data Structures,83.4
S1010,C,pre,BSDS3001,Feature Engineering,72.59
S1011,C,post,BSDS3001,Neural Networks,75.51
S1012,C,pre,BSDS3002,Data Cleaning,66.04
S1013,C,post,BSDS3003,Reinforcement Learning,72.98
S1014,D,pre,BSDS3001,Data Cleaning,57.46
S1015,A,post,BSDS3002,AI Ethics,78.55
S1016,D,pre,BSDS3002,Blockchain Concepts,48.07
S1017,D,post,BSDS3003,Machine Learning,72.76
S1018,D,pre,BSDS3004,Blockchain Concepts,55.11
S1019,C,post,BSDS3001,Deep Learning,61.99
S1020,B,pre,BSDS3003,Data Governance,66.8
S1021,A,post,BSDS3001,Data Visualization,85.49
S1022,B,pre,BSDS3002,Smart Contracts,74.18
S1023,D,post,BSDS3002,Blockchain Concepts,62.79
S1024,D,pre,BSDS3004,Text Mining,55.1
S1025,B,post,BSDS3002,Smart Contracts,88.54
S1026,B,pre,BSDS3002,Data Governance,55.18
S1027,B,post,BSDS3003,Reinforcement Learning,69.69
S1028,D,pre,BSDS3001,Smart Contracts,70.5
S1029,D,post,BSDS3001,Reinforcement Learning,65.67
S1030,A,pre,BSDS3003,Feature Engineering,66.05
S1031,A,post,BSDS3004,Data Structures,61.51
S1032,D,pre,BSDS3001,Feature Engineering,58.99
S1033,B,post,BSDS3002,Smart Contracts,70.75
S1034,B,pre,BSDS3001,Neural Networks,49.07
S1035,A,post,BSDS3002,Data Cleaning,74.76
S1036,D,pre,BSDS3004,Smart Contracts,64.8
S1037,A,post,BSDS3003,Feature Engineering,78.6
S1038,A,pre,BSDS3001,Financial Modeling,67.24
S1039,C,post,BSDS3003,Data Governance,88.59
S1040,C,pre,BSDS3001,Neural Networks,66.25
S1041,C,post,BSDS3002,Feature Engineering,67.94
S1042,B,pre,BSDS3003,Blockchain Concepts,66.22
S1043,D,post,BSDS3001,Regression Models,73.26
S1044,D,pre,BSDS3002,Reinforcement Learning,65.49
S1045,D,post,BSDS3003,AI Ethics,75.3
S1046,D,pre,BSDS3003,Machine Learning,57.98
S1047,C,post,BSDS3001,Data Visualization,67.79
S1048,B,pre,BSDS3001,Feature Engineering,50.97
S1049,B,post,BSDS3001,Text Mining,90.49
S1050,C,pre,BSDS3002,Machine Learning,52.56
S1051,B,post,BSDS3001,Data Governance,68.49
S1052,C,pre,BSDS3003,Financial Modeling,57.82
S1053,D,post,BSDS3003,Classification,80.14
S1054,C,pre,BSDS3001,Feature Engineering,62.05
S1055,D,post,BSDS3001,Regression Models,86.54
S1056,D,pre,BSDS3004,Machine Learning,58.27
S1057,A,post,BSDS3003,Data Visualization,75.53
S1058,C,pre,BSDS3002,Smart Contracts,56.65
S1059,A,post,BSDS3004,Feature Engineering,93.46
S1060,C,pre,BSDS3001,Data Structures,53.12
S1061,C,post,BSDS3001,Financial Modeling,73.51
S1062,A,pre,BSDS3003,Data Governance,71.34
S1063,A,post,BSDS3001,AI Ethics,76.41
S1064,C,pre,BSDS3002,Regression Models,63.15
S1065,B,post,BSDS3003,Deep Learning,76.99
S1066,D,pre,BSDS3001,Deep Learning,65.44
S1067,A,post,BSDS3003,Text Mining,69.13
S1068,D,pre,BSDS3001,Machine Learning,74.64
S1069,B,post,BSDS3001,Regression Models,99.14
S1070,B,pre,BSDS3001,Neural Networks,59.43
S1071,B,post,BSDS3002,Data Visualization,62.46
S1072,A,pre,BSDS3002,AI Ethics,64.12
S1073,B,post,BSDS3003,Smart Contracts,100.0
S1074,A,pre,BSDS3001,Feature Engineering,56.96
S1075,B,post,BSDS3001,Feature Engineering,92.31
S1076,D,pre,BSDS3002,Deep Learning,81.78
S1077,D,post,BSDS3001,Feature Engineering,63.65
S1078,C,pre,BSDS3002,Data Governance,70.69
S1079,D,post,BSDS3001,AI Ethics,92.03
S1080,C,pre,BSDS3003,Data Structures,61.21
S1081,D,post,BSDS3001,Classification,73.3
S1082,A,pre,BSDS3001,Text Mining,59.18
S1083,D,post,BSDS3004,Data Cleaning,56.6
S1084,C,pre,BSDS3002,Blockchain Concepts,58.51
S1085,C,post,BSDS3001,Text Mining,61.18
S1086,B,pre,BSDS3001,Machine Learning,65.34
S1087,A,post,BSDS3004,Data Structures,59.98
S1088,D,pre,BSDS3004,Reinforcement Learning,67.34
S1089,B,post,BSDS3002,Text Mining,61.13
S1090,D,pre,BSDS3004,Smart Contracts,68.31
S1091,D,post,BSDS3003,Deep Learning,87.38
S1092,B,pre,BSDS3004,Financial Modeling,45.06
S1093,B,post,BSDS3003,Machine Learning,76.69
S1094,B,pre,BSDS3002,Feature Engineering,77.28
S1095,B,post,BSDS3002,Regression Models,62.36
S1096,B,pre,BSDS3002,Smart Contracts,81.73
S1097,D,post,BSDS3002,Machine Learning,75.51
S1098,B,pre,BSDS3002,Financial Modeling,57.95
S1099,A,post,BSDS3003,Data Visualization,73.24
S1100,C,pre,BSDS3003,Feature Engineering,70.58
S1101,B,post,BSDS3002,Text Mining,75.38
S1102,B,pre,BSDS3004,Text Mining,70.39
S1103,D,post,BSDS3001,Machine Learning,59.51
S1104,B,pre,BSDS3002,Reinforcement Learning,66.69
S1105,B,post,BSDS3004,Reinforcement Learning,63.63
S1106,B,pre,BSDS3001,Regression Models,63.89
S1107,D,post,BSDS3002,Data Visualization,65.24
S1108,B,pre,BSDS3002,Feature Engineering,57.64
S1109,C,post,BSDS3003,Financial Modeling,85.03
S1110,D,pre,BSDS3001,Classification,75.91
S1111,C,post,BSDS3001,Text Mining,77.14
S1112,D,pre,BSDS3004,Financial Modeling,54.08
S1113,B,post,BSDS3003,Data Structures,69.97
S1114,C,pre,BSDS3003,Text Mining,77.13
S1115,D,post,BSDS3003,Financial Modeling,70.07
S1116,A,pre,BSDS3003,Neural Networks,88.19
S1117,B,post,BSDS3001,Deep Learning,72.34
S1118,D,pre,BSDS3001,Blockchain Concepts,66.92
S1119,A,post,BSDS3002,Reinforcement Learning,71.76
S1120,D,pre,BSDS3002,AI Ethics,66.34
S1121,A,post,BSDS3003,Deep Learning,68.77
S1122,B,pre,BSDS3003,Data Governance,72.08
S1123,C,post,BSDS3003,Blockchain Concepts,78.64
S1124,A,pre,BSDS3002,Smart Contracts,57.14
S1125,D,post,BSDS3004,Financial Modeling,61.54
S1126,B,pre,BSDS3004,Blockchain Concepts,46.64
S1127,A,post,BSDS3002,Data Governance,77.07
S1128,D,pre,BSDS3002,Feature Engineering,53.97
S1129,D,post,BSDS3002,Classification,57.16
S1130,D,pre,BSDS3002,Neural Networks,68.89
S1131,A,post,BSDS3002,Data Structures,100.0
S1132,A,pre,BSDS3002,Financial Modeling,64.94
S1133,A,post,BSDS3003,Data Structures,78.15
S1134,C,pre,BSDS3003,Regression Models,65.82
S1135,A,post,BSDS3003,Text Mining,74.1
S1136,A,pre,BSDS3003,Financial Modeling,74.19
S1137,A,post,BSDS3002,AI Ethics,75.7
S1138,C,pre,BSDS3004,Financial Modeling,67.67
S1139,A,post,BSDS3001,Machine Learning,70.2
S1140,D,pre,BSDS3002,Classification,58.32
S1141,A,post,BSDS3001,Machine Learning,78.93
S1142,D,pre,BSDS3004,Financial Modeling,63.25
S1143,D,post,BSDS3003,Neural Networks,66.44
S1144,D,pre,BSDS3004,Blockchain Concepts,70.37
S1145,C,post,BSDS3002,Reinforcement Learning,76.45
S1146,C,pre,BSDS3003,Data Structures,65.28
S1147,C,post,BSDS3002,Neural Networks,72.18
S1148,A,pre,BSDS3003,Financial Modeling,75.86
S1149,D,post,BSDS3001,Data Governance,81.3
S1150,C,pre,BSDS3001,Blockchain Concepts,64.75
S1151,C,post,BSDS3001,Data Governance,88.36
S1152,A,pre,BSDS3004,Data Structures,78.9
S1153,C,post,BSDS3002,Blockchain Concepts,80.57
S1154,A,pre,BSDS3004,AI Ethics,65.1
S1155,B,post,BSDS3001,Classification,61.57
S1156,C,pre,BSDS3002,Deep Learning,54.35
S1157,B,post,BSDS3001,Data Visualization,67.48
S1158,A,pre,BSDS3004,Smart Contracts,58.9
S1159,D,post,BSDS3004,Neural Networks,66.73
S1160,C,pre,BSDS3004,Text Mining,65.57
S1161,A,post,BSDS3001,Neural Networks,81.41
S1162,D,pre,BSDS3002,Data Visualization,64.3
S1163,D,post,BSDS3002,Deep Learning,84.56
S1164,B,pre,BSDS3001,Data Cleaning,65.64
S1165,A,post,BSDS3002,Feature Engineering,55.92
S1166,D,pre,BSDS3001,AI Ethics,55.61
S1167,C,post,BSDS3002,Data Governance,70.01
S1168,C,pre,BSDS3003,Financial Modeling,52.9
S1169,B,post,BSDS3003,AI Ethics,82.4
S1170,D,pre,BSDS3004,Data Visualization,80.31
S1171,A,post,BSDS3003,Financial Modeling,84.9
S1172,C,pre,BSDS3003,Text Mining,62.87
S1173,D,post,BSDS3003,Machine Learning,86.48
S1174,D,pre,BSDS3001,Blockchain Concepts,66.49
S1175,B,post,BSDS3003,Feature Engineering,71.93
S1176,C,pre,BSDS3003,Classification,58.87
S1177,C,post,BSDS3004,Classification,70.17
S1178,A,pre,BSDS3003,Data Visualization,61.12
S1179,C,post,BSDS3003,AI Ethics,72.06
S1180,A,pre,BSDS3002,Classification,66.61
S1181,C,post,BSDS3004,Text Mining,74.71
S1182,B,pre,BSDS3004,Data Governance,69.37
S1183,C,post,BSDS3004,Data Cleaning,82.8
S1184,A,pre,BSDS3004,Neural Networks,74.5
S1185,A,post,BSDS3004,Regression Models,62.54
S1186,B,pre,BSDS3004,Text Mining,39.46
S1187,C,post,BSDS3001,Financial Modeling,78.89
S1188,C,pre,BSDS3003,Smart Contracts,51.33
S1189,B,post,BSDS3004,Data Visualization,69.18
S1190,C,pre,BSDS3003,Machine Learning,53.3
S1191,C,post,BSDS3003,Blockchain Concepts,57.45
S1192,A,pre,BSDS3001,Smart Contracts,70.41
S1193,C,post,BSDS3004,Blockchain Concepts,75.13
S1194,C,pre,BSDS3002,Data Structures,59.23
S1195,B,post,BSDS3001,Smart Contracts,48.13
S1196,B,pre,BSDS3002,Regression Models,59.54
S1197,D,post,BSDS3003,AI Ethics,77.49
S1198,A,pre,BSDS3003,Data Cleaning,50.21
S1199,C,post,BSDS3001,Neural Networks,76.47
S1200,C,pre,BSDS3001,Neural Networks,64.85
S1201,D,post,BSDS3002,Data Cleaning,73.38
S1202,C,pre,BSDS3004,Data Governance,66.2
S1203,A,post,BSDS3002,Feature Engineering,67.72
S1204,D,pre,BSDS3001,Data Structures,76.97
S1205,A,post,BSDS3002,Blockchain Concepts,77.55
S1206,D,pre,BSDS3001,Regression Models,64.73
S1207,D,post,BSDS3002,Classification,56.84
S1208,B,pre,BSDS3001,Smart Contracts,60.57
S1209,A,post,BSDS3001,Data Structures,69.1
S1210,C,pre,BSDS3001,Text Mining,63.27
S1211,C,post,BSDS3004,Data Visualization,87.92
S1212,A,pre,BSDS3002,Smart Contracts,51.28
S1213,C,post,BSDS3002,Regression Models,58.87
S1214,C,pre,BSDS3002,Machine Learning,79.71
S1215,A,post,BSDS3001,Machine Learning,76.7
S1216,D,pre,BSDS3002,Financial Modeling,58.31
S1217,A,post,BSDS3002,Data Structures,78.09
S1218,D,pre,BSDS3001,AI Ethics,58.94
S1219,C,post,BSDS3003,Regression Models,92.3
S1220,C,pre,BSDS3001,Reinforcement Learning,71.78
S1221,C,post,BSDS3002,Regression Models,64.29
S1222,B,pre,BSDS3001,Data Cleaning,86.57
S1223,D,post,BSDS3003,Text Mining,66.75
S1224,B,pre,BSDS3001,AI Ethics,72.42
S1225,B,post,BSDS3002,Text Mining,72.96
S1226,A,pre,BSDS3003,Data Governance,78.02
S1227,B,post,BSDS3004,Blockchain Concepts,84.92
S1228,A,pre,BSDS3002,Blockchain Concepts,65.32
S1229,A,post,BSDS3003,Classification,69.61
S1230,B,pre,BSDS3003,Financial Modeling,69.6
S1231,D,post,BSDS3004,Neural Networks,62.5
S1232,D,pre,BSDS3001,Machine Learning,85.13
S1233,D,post,BSDS3001,Data Visualization,71.77
S1234,D,pre,BSDS3002,Blockchain Concepts,61.35
S1235,D,post,BSDS3004,AI Ethics,69.05
S1236,B,pre,BSDS3001,Regression Models,51.53
S1237,B,post,BSDS3004,Data Visualization,59.27
S1238,C,pre,BSDS3001,Deep Learning,77.0
S1239,D,post,BSDS3003,Text Mining,66.71
S1240,B,pre,BSDS3001,Blockchain Concepts,54.53
S1241,C,post,BSDS3004,Regression Models,79.07
S1242,D,pre,BSDS3003,Blockchain Concepts,76.86
S1243,A,post,BSDS3003,Machine Learning,79.1
S1244,C,pre,BSDS3003,Deep Learning,74.96
S1245,B,post,BSDS3004,Smart Contracts,70.79
S1246,A,pre,BSDS3002,Blockchain Concepts,50.78
S1247,A,post,BSDS3002,Data Governance,91.33
S1248,A,pre,BSDS3002,AI Ethics,61.77
S1249,C,post,BSDS3004,Blockchain Concepts,65.9
S1250,B,pre,BSDS3003,Neural Networks,78.28
S1251,A,post,BSDS3002,Data Visualization,84.71
S1252,D,pre,BSDS3004,Data Visualization,69.56
S1253,A,post,BSDS3002,Machine Learning,90.98
S1254,A,pre,BSDS3001,AI Ethics,58.56
S1255,C,post,BSDS3002,Deep Learning,83.36
S1256,C,pre,BSDS3002,Data Governance,65.57
S1257,B,post,BSDS3003,Data Cleaning,77.05
S1258,D,pre,BSDS3004,AI Ethics,80.28
S1259,C,post,BSDS3003,Data Visualization,72.77
S1260,A,pre,BSDS3003,Neural Networks,70.38
S1261,B,post,BSDS3003,Reinforcement Learning,88.4
S1262,A,pre,BSDS3003,Smart Contracts,61.35
S1263,A,post,BSDS3003,Machine Learning,64.43
S1264,C,pre,BSDS3002,Data Cleaning,54.55
S1265,B,post,BSDS3003,Neural Networks,55.39
S1266,D,pre,BSDS3003,Deep Learning,85.56
S1267,D,post,BSDS3004,Reinforcement Learning,61.72
S1268,C,pre,BSDS3001,Text Mining,62.79
S1269,C,post,BSDS3002,Deep Learning,68.9
S1270,B,pre,BSDS3002,Neural Networks,68.07
S1271,D,post,BSDS3002,Text Mining,77.08
S1272,D,pre,BSDS3003,Data Structures,73.6
S1273,D,post,BSDS3003,Machine Learning,66.47
S1274,A,pre,BSDS3003,AI Ethics,63.33
S1275,D,post,BSDS3004,Text Mining,74.35
S1276,A,pre,BSDS3001,Reinforcement Learning,62.51
S1277,B,post,BSDS3003,Financial Modeling,92.38
S1278,A,pre,BSDS3001,Text Mining,69.91
S1279,B,post,BSDS3004,Regression Models,73.92
S1280,D,pre,BSDS3002,Smart Contracts,71.63
S1281,D,post,BSDS3003,Regression Models,90.26
S1282,B,pre,BSDS3001,AI Ethics,66.81
S1283,C,post,BSDS3001,AI Ethics,62.79
S1284,B,pre,BSDS3003,Machine Learning,69.0
S1285,C,post,BSDS3002,AI Ethics,67.54
S1286,A,pre,BSDS3002,Data Visualization,59.71
S1287,A,post,BSDS3002,Text Mining,77.93
S1288,A,pre,BSDS3004,Text Mining,77.38
S1289,D,post,BSDS3001,Data Structures,70.45
S1290,A,pre,BSDS3001,Data Cleaning,68.09
S1291,C,post,BSDS3001,AI Ethics,86.69
S1292,A,pre,BSDS3004,Regression Models,67.41
S1293,B,post,BSDS3001,Reinforcement Learning,96.15
S1294,B,pre,BSDS3004,AI Ethics,70.66
S1295,D,post,BSDS3002,Deep Learning,61.34
S1296,B,pre,BSDS3003,Data Structures,72.53
S1297,C,post,BSDS3001,Data Visualization,77.77
S1298,A,pre,BSDS3001,Data Visualization,77.9
S1299,D,post,BSDS3002,Reinforcement Learning,81.62
S1300,A,pre,BSDS3003,Blockchain Concepts,63.62
S1301,A,post,BSDS3004,Text Mining,63.73
S1302,C,pre,BSDS3003,Data Visualization,62.91
S1303,B,post,BSDS3002,Text Mining,59.54
S1304,B,pre,BSDS3002,Blockchain Concepts,59.19
S1305,A,post,BSDS3003,Neural Networks,82.43
S1306,D,pre,BSDS3004,Smart Contracts,81.7
S1307,B,post,BSDS3004,Classification,77.1
S1308,D,pre,BSDS3001,Data Governance,53.04
S1309,B,post,BSDS3004,Data Visualization,76.61
S1310,D,pre,BSDS3003,Data Cleaning,76.97
S1311,C,post,BSDS3002,Deep Learning,76.36
S1312,D,pre,BSDS3001,Feature Engineering,63.66
S1313,C,post,BSDS3001,Neural Networks,67.62
S1314,C,pre,BSDS3002,Data Visualization,57.15
S1315,D,post,BSDS3004,Text Mining,82.37
S1316,C,pre,BSDS3002,Smart Contracts,63.79
S1317,A,post,BSDS3004,Blockchain Concepts,83.01
S1318,C,pre,BSDS3002,Regression Models,56.13
S1319,B,post,BSDS3003,Data Governance,71.4
S1320,D,pre,BSDS3004,Feature Engineering,72.22
S1321,A,post,BSDS3003,Smart Contracts,76.15
S1322,D,pre,BSDS3001,Smart Contracts,82.27
S1323,B,post,BSDS3002,Reinforcement Learning,65.94
S1324,B,pre,BSDS3001,Data Visualization,67.25
S1325,B,post,BSDS3001,Neural Networks,85.76
S1326,C,pre,BSDS3001,Financial Modeling,50.82
S1327,C,post,BSDS3001,Feature Engineering,55.21
S1328,D,pre,BSDS3002,Data Governance,49.74
S1329,D,post,BSDS3001,Machine Learning,77.95
S1330,A,pre,BSDS3002,Classification,59.48
S1331,A,post,BSDS3002,Machine Learning,95.82
S1332,D,pre,BSDS3003,Financial Modeling,59.36
S1333,C,post,BSDS3004,Text Mining,80.62
S1334,B,pre,BSDS3004,Text Mining,80.42
S1335,D,post,BSDS3002,Deep Learning,96.31
S1336,A,pre,BSDS3003,Feature Engineering,85.62
S1337,C,post,BSDS3002,Machine Learning,83.96
S1338,D,pre,BSDS3002,Reinforcement Learning,75.24
S1339,D,post,BSDS3002,Text Mining,80.29
S1340,C,pre,BSDS3003,Financial Modeling,72.78
S1341,D,post,BSDS3004,Data Visualization,71.36
S1342,C,pre,BSDS3003,Data Structures,56.82
S1343,B,post,BSDS3001,Blockchain Concepts,70.52
S1344,C,pre,BSDS3003,Data Structures,63.3
S1345,C,post,BSDS3003,AI Ethics,65.17
S1346,C,pre,BSDS3003,Data Governance,71.96
S1347,D,post,BSDS3003,Machine Learning,87.53
S1348,D,pre,BSDS3004,Deep Learning,65.88
S1349,C,post,BSDS3001,Reinforcement Learning,82.49
S1350,D,pre,BSDS3004,AI Ethics,53.58
S1351,A,post,BSDS3004,Text Mining,73.25
S1352,A,pre,BSDS3003,Regression Models,57.83
S1353,D,post,BSDS3002,Reinforcement Learning,53.31
S1354,D,pre,BSDS3002,Data Cleaning,64.17
S1355,C,post,BSDS3004,Regression Models,73.09
S1356,B,pre,BSDS3004,Financial Modeling,80.13
S1357,D,post,BSDS3003,Feature Engineering,70.43
S1358,A,pre,BSDS3004,Smart Contracts,54.76
S1359,C,post,BSDS3003,Blockchain Concepts,88.14
S1360,D,pre,BSDS3002,Reinforcement Learning,77.21
S1361,A,post,BSDS3002,Machine Learning,90.76
S1362,A,pre,BSDS3001,Data Governance,62.74
S1363,B,post,BSDS3002,Deep Learning,62.15
S1364,C,pre,BSDS3004,Deep Learning,61.28
S1365,C,post,BSDS3002,Data Governance,85.82
S1366,B,pre,BSDS3003,Financial Modeling,83.85
S1367,B,post,BSDS3002,Neural Networks,90.86
S1368,C,pre,BSDS3001,Text Mining,60.11
S1369,C,post,BSDS3002,Data Cleaning,57.28
S1370,D,pre,BSDS3003,Classification,66.41
S1371,D,post,BSDS3003,Classification,51.61
S1372,B,pre,BSDS3004,Reinforcement Learning,68.23
S1373,D,post,BSDS3002,Classification,67.85
S1374,A,pre,BSDS3003,Machine Learning,60.34
S1375,D,post,BSDS3001,Classification,55.87
S1376,D,pre,BSDS3004,Data Visualization,70.14
S1377,A,post,BSDS3001,Reinforcement Learning,71.35
S1378,B,pre,BSDS3002,Data Structures,53.3
S1379,A,post,BSDS3002,Deep Learning,44.5
S1380,D,pre,BSDS3002,Data Cleaning,64.72
S1381,B,post,BSDS3004,Data Structures,85.69
S1382,D,pre,BSDS3003,Smart Contracts,81.61
S1383,A,post,BSDS3004,Data Cleaning,67.2
S1384,A,pre,BSDS3001,Data Structures,58.98
S1385,D,post,BSDS3004,Data Cleaning,79.42
S1386,C,pre,BSDS3001,Smart Contracts,55.02
S1387,C,post,BSDS3004,AI Ethics,73.76
S1388,A,pre,BSDS3003,Data Visualization,72.66
S1389,A,post,BSDS3001,Machine Learning,93.62
S1390,C,pre,BSDS3002,Machine Learning,64.0
S1391,C,post,BSDS3002,Financial Modeling,63.44
S1392,D,pre,BSDS3004,Reinforcement Learning,56.22
S1393,D,post,BSDS3002,Data Governance,66.29
S1394,C,pre,BSDS3001,Text Mining,62.74
S1395,D,post,BSDS3002,Deep Learning,78.81
S1396,D,pre,BSDS3003,Classification,74.14
S1397,B,post,BSDS3003,Data Visualization,64.98
S1398,D,pre,BSDS3004,Regression Models,79.93
S1399,A,post,BSDS3001,Classification,73.99
S1400,D,pre,BSDS3003,Text Mining,64.79
S1401,D,post,BSDS3003,Deep Learning,65.87
S1402,C,pre,BSDS3001,Feature Engineering,40.76
S1403,A,post,BSDS3002,Text Mining,82.86
S1404,D,pre,BSDS3002,Data Visualization,72.37
S1405,D,post,BSDS3004,Data Structures,68.55
S1406,B,pre,BSDS3002,Data Cleaning,65.67
S1407,D,post,BSDS3001,Data Governance,80.76
S1408,D,pre,BSDS3003,Data Governance,49.37
S1409,B,post,BSDS3002,Reinforcement Learning,66.77
S1410,C,pre,BSDS3004,Regression Models,72.94
S1411,D,post,BSDS3002,Data Visualization,54.66
S1412,B,pre,BSDS3001,Smart Contracts,67.94
S1413,A,post,BSDS3004,Feature Engineering,59.23
S1414,C,pre,BSDS3002,Smart Contracts,69.66
S1415,A,post,BSDS3004,Machine Learning,68.2
S1416,A,pre,BSDS3001,Financial Modeling,48.85
S1417,B,post,BSDS3003,Machine Learning,88.63
S1418,D,pre,BSDS3001,Text Mining,57.65
S1419,B,post,BSDS3001,Classification,71.93
S1420,B,pre,BSDS3001,Data Structures,67.01
S1421,B,post,BSDS3001,Regression Models,86.04
S1422,B,pre,BSDS3003,Text Mining,54.84
S1423,C,post,BSDS3003,Blockchain Concepts,78.51
S1424,D,pre,BSDS3004,Feature Engineering,69.29
S1425,A,post,BSDS3002,Data Governance,77.43
S1426,A,pre,BSDS3003,Feature Engineering,66.76
S1427,D,post,BSDS3003,Text Mining,68.52
S1428,A,pre,BSDS3002,Text Mining,56.72
S1429,D,post,BSDS3003,Data Visualization,73.61
S1430,A,pre,BSDS3001,Classification,54.28
S1431,B,post,BSDS3001,Reinforcement Learning,41.96
S1432,A,pre,BSDS3002,Machine Learning,69.37
S1433,D,post,BSDS3004,Data Governance,82.27
S1434,D,pre,BSDS3004,Financial Modeling,41.37
S1435,D,post,BSDS3002,Classification,53.92
S1436,D,pre,BSDS3002,Data Cleaning,71.19
S1437,D,post,BSDS3001,Data Visualization,94.42
S1438,C,pre,BSDS3004,Data Visualization,65.21
S1439,C,post,BSDS3003,Regression Models,63.75
S1440,A,pre,BSDS3001,Data Structures,63.17
S1441,D,post,BSDS3002,Financial Modeling,89.23
S1442,A,pre,BSDS3004,Deep Learning,58.54
S1443,D,post,BSDS3003,AI Ethics,60.25
S1444,D,pre,BSDS3003,Deep Learning,60.17
S1445,C,post,BSDS3001,Text Mining,62.73
S1446,C,pre,BSDS3004,Neural Networks,66.23
S1447,B,post,BSDS3004,Data Governance,80.42
S1448,C,pre,BSDS3002,Reinforcement Learning,68.23
S1449,B,post,BSDS3004,Neural Networks,75.58
S1450,B,pre,BSDS3004,Data Visualization,62.08
S1451,B,post,BSDS3001,Classification,52.82
S1452,B,pre,BSDS3004,Data Cleaning,73.83
S1453,B,post,BSDS3003,Regression Models,72.2
S1454,A,pre,BSDS3001,Blockchain Concepts,63.2
S1455,C,post,BSDS3001,Neural Networks,100.0
S1456,B,pre,BSDS3002,Regression Models,67.99
S1457,D,post,BSDS3004,Data Visualization,65.81
S1458,C,pre,BSDS3002,Data Structures,60.74
S1459,C,post,BSDS3003,Smart Contracts,90.31
S1460,B,pre,BSDS3001,Deep Learning,66.13
S1461,A,post,BSDS3001,Data Cleaning,61.77
S1462,B,pre,BSDS3001,Data Governance,74.19
S1463,A,post,BSDS3003,Machine Learning,71.96
S1464,D,pre,BSDS3003,Text Mining,83.73
S1465,C,post,BSDS3002,Regression Models,80.36
S1466,D,pre,BSDS3002,Reinforcement Learning,60.53
S1467,A,post,BSDS3002,Data Structures,88.6
S1468,A,pre,BSDS3004,Blockchain Concepts,65.68
S1469,D,post,BSDS3001,AI Ethics,79.61
S1470,A,pre,BSDS3001,Deep Learning,69.85
S1471,D,post,BSDS3002,Machine Learning,66.39
S1472,C,pre,BSDS3001,Data Governance,58.56
S1473,D,post,BSDS3002,Deep Learning,84.54
S1474,C,pre,BSDS3004,Reinforcement Learning,61.65
S1475,D,post,BSDS3004,Data Visualization,73.25
S1476,A,pre,BSDS3003,AI Ethics,55.45
S1477,D,post,BSDS3004,Deep Learning,81.0
S1478,A,pre,BSDS3002,Financial Modeling,85.63
S1479,D,post,BSDS3004,Blockchain Concepts,63.92
S1480,D,pre,BSDS3003,Data Structures,65.24
S1481,B,post,BSDS3001,Text Mining,86.25
S1482,A,pre,BSDS3002,Neural Networks,64.2
S1483,B,post,BSDS3001,AI Ethics,74.92
S1484,A,pre,BSDS3003,Data Governance,54.38
S1485,B,post,BSDS3003,Data Visualization,74.14
S1486,C,pre,BSDS3003,Financial Modeling,63.13
S1487,D,post,BSDS3001,Machine Learning,77.24
S1488,A,pre,BSDS3001,Classification,76.87
S1489,A,post,BSDS3001,Feature Engineering,100.0
S1490,D,pre,BSDS3001,Regression Models,70.8
S1491,A,post,BSDS3003,Text Mining,82.34
S1492,A,pre,BSDS3003,Reinforcement Learning,66.94
S1493,B,post,BSDS3002,Deep Learning,73.59
S1494,A,pre,BSDS3002,Neural Networks,68.38
S1495,C,post,BSDS3001,AI Ethics,73.46
S1496,C,pre,BSDS3004,Deep Learning,66.68
S1497,D,post,BSDS3004,Smart Contracts,89.74
S1498,A,pre,BSDS3003,Regression Models,54.93
S1499,D,post,BSDS3003,Classification,86.61
S1500,C,pre,BSDS3003,Financial Modeling,78.17
S1501,A,post,BSDS3002,Data Governance,68.24
S1502,A,pre,BSDS3002,Blockchain Concepts,43.78
S1503,D,post,BSDS3003,Financial Modeling,63.13
S1504,C,pre,BSDS3003,Financial Modeling,77.97
S1505,A,post,BSDS3003,Feature Engineering,67.3
S1506,D,pre,BSDS3004,Data Structures,55.01
S1507,C,post,BSDS3002,Financial Modeling,63.02
S1508,D,pre,BSDS3004,Deep Learning,73.41
S1509,B,post,BSDS3004,Classification,80.97
S1510,A,pre,BSDS3003,Classification,62.61
S1511,B,post,BSDS3003,Blockchain Concepts,71.66
S1512,C,pre,BSDS3001,Data Cleaning,61.08
S1513,B,post,BSDS3001,Reinforcement Learning,61.62
S1514,B,pre,BSDS3004,Blockchain Concepts,81.15
S1515,C,post,BSDS3002,Deep Learning,61.93
S1516,D,pre,BSDS3003,Data Governance,77.17
S1517,B,post,BSDS3003,Data Cleaning,81.95
S1518,D,pre,BSDS3004,Data Cleaning,74.98
S1519,B,post,BSDS3001,Neural Networks,67.63
S1520,D,pre,BSDS3002,Neural Networks,69.04
S1521,C,post,BSDS3001,Machine Learning,71.55
S1522,B,pre,BSDS3001,AI Ethics,55.96
S1523,C,post,BSDS3001,AI Ethics,79.17
S1524,B,pre,BSDS3001,Data Visualization,53.21
S1525,C,post,BSDS3003,Reinforcement Learning,86.14
S1526,C,pre,BSDS3003,Text Mining,60.35
S1527,B,post,BSDS3001,Data Structures,68.87
S1528,B,pre,BSDS3002,AI Ethics,67.83
S1529,B,post,BSDS3004,Neural Networks,72.86
S1530,A,pre,BSDS3002,Machine Learning,70.87
S1531,D,post,BSDS3002,Financial Modeling,67.27
S1532,A,pre,BSDS3002,Reinforcement Learning,73.71
S1533,A,post,BSDS3001,Machine Learning,59.0
S1534,C,pre,BSDS3003,Financial Modeling,66.26
S1535,B,post,BSDS3002,Data Governance,98.11
S1536,D,pre,BSDS3001,Data Governance,55.0
S1537,C,post,BSDS3002,Data Cleaning,60.97
S1538,A,pre,BSDS3002,Reinforcement Learning,70.14
S1539,B,post,BSDS3001,Data Visualization,80.11
S1540,C,pre,BSDS3003,Text Mining,68.51
S1541,B,post,BSDS3003,Blockchain Concepts,82.26
S1542,C,pre,BSDS3004,Data Structures,71.35
S1543,B,post,BSDS3001,Deep Learning,88.19
S1544,A,pre,BSDS3004,Data Cleaning,69.1
S1545,D,post,BSDS3004,Blockchain Concepts,74.77
S1546,A,pre,BSDS3004,AI Ethics,71.73
S1547,D,post,BSDS3003,Data Visualization,92.09
S1548,B,pre,BSDS3001,Data Cleaning,63.67
S1549,C,post,BSDS3004,Regression Models,69.51
S1550,A,pre,BSDS3001,AI Ethics,76.07
S1551,D,post,BSDS3001,Blockchain Concepts,77.93
S1552,A,pre,BSDS3003,Data Structures,43.27
S1553,D,post,BSDS3004,Deep Learning,75.88
S1554,A,pre,BSDS3004,Blockchain Concepts,59.65
S1555,D,post,BSDS3001,Financial Modeling,63.69
S1556,D,pre,BSDS3002,Reinforcement Learning,68.32
S1557,B,post,BSDS3003,Data Governance,78.45
S1558,D,pre,BSDS3003,Reinforcement Learning,72.09
S1559,B,post,BSDS3003,Data Cleaning,69.14
S1560,D,pre,BSDS3003,Data Cleaning,70.13
S1561,C,post,BSDS3004,Deep Learning,68.38
S1562,C,pre,BSDS3004,Classification,72.39
S1563,C,post,BSDS3002,Data Structures,85.08
S1564,D,pre,BSDS3003,Smart Contracts,55.65
S1565,B,post,BSDS3003,AI Ethics,83.87
S1566,B,pre,BSDS3001,Reinforcement Learning,59.64
S1567,D,post,BSDS3004,Machine Learning,86.45
S1568,C,pre,BSDS3003,Deep Learning,68.67
S1569,C,post,BSDS3002,Data Structures,89.44
S1570,B,pre,BSDS3002,Machine Learning,62.77
S1571,C,post,BSDS3004,Data Structures,76.25
S1572,A,pre,BSDS3002,Data Structures,64.81
S1573,B,post,BSDS3002,Blockchain Concepts,66.45
S1574,C,pre,BSDS3004,Text Mining,73.0
S1575,B,post,BSDS3003,Financial Modeling,54.71
S1576,A,pre,BSDS3003,Data Structures,54.46
S1577,B,post,BSDS3002,Text Mining,63.69
S1578,B,pre,BSDS3002,Classification,74.5
S1579,B,post,BSDS3003,Smart Contracts,93.52
S1580,B,pre,BSDS3004,Data Cleaning,63.96
S1581,A,post,BSDS3002,Feature Engineering,73.16
S1582,D,pre,BSDS3001,Machine Learning,65.7
S1583,B,post,BSDS3004,Data Cleaning,86.85
S1584,B,pre,BSDS3002,Feature Engineering,55.73
S1585,C,post,BSDS3002,Smart Contracts,74.2
S1586,B,pre,BSDS3001,Financial Modeling,74.75
S1587,C,post,BSDS3001,Smart Contracts,73.41
S1588,D,pre,BSDS3003,Machine Learning,66.9
S1589,A,post,BSDS3004,Data Governance,82.19
S1590,A,pre,BSDS3004,Machine Learning,37.97
S1591,D,post,BSDS3003,Smart Contracts,86.07
S1592,A,pre,BSDS3004,Feature Engineering,58.46
S1593,D,post,BSDS3004,Deep Learning,54.09
S1594,D,pre,BSDS3004,Data Structures,70.11
S1595,D,post,BSDS3004,AI Ethics,84.93
S1596,A,pre,BSDS3004,Data Visualization,63.63
S1597,C,post,BSDS3001,Text Mining,79.5
S1598,D,pre,BSDS3004,Regression Models,81.12
S1599,B,post,BSDS3001,Data Visualization,88.64
S1600,A,pre,BSDS3004,Data Cleaning,81.4
S1601,D,post,BSDS3003,Blockchain Concepts,77.2
S1602,D,pre,BSDS3002,Data Cleaning,65.75
S1603,B,post,BSDS3001,Blockchain Concepts,54.45
S1604,C,pre,BSDS3004,Feature Engineering,62.54
S1605,C,post,BSDS3003,Data Governance,67.85
S1606,C,pre,BSDS3002,Reinforcement Learning,86.71
S1607,D,post,BSDS3001,Blockchain Concepts,73.06
S1608,D,pre,BSDS3002,Machine Learning,66.23
S1609,D,post,BSDS3003,Deep Learning,77.73
S1610,A,pre,BSDS3001,AI Ethics,65.44
S1611,B,post,BSDS3002,AI Ethics,86.96
S1612,D,pre,BSDS3004,Machine Learning,58.77
S1613,B,post,BSDS3001,Deep Learning,68.75
S1614,B,pre,BSDS3002,Financial Modeling,57.58
S1615,C,post,BSDS3003,Classification,58.66
S1616,A,pre,BSDS3003,Financial Modeling,58.88
S1617,D,post,BSDS3001,Data Governance,71.66
S1618,C,pre,BSDS3002,Data Visualization,60.71
S1619,C,post,BSDS3001,Data Governance,67.99
S1620,D,pre,BSDS3001,Feature Engineering,50.94
S1621,B,post,BSDS3002,Data Visualization,69.57
S1622,C,pre,BSDS3002,Classification,49.95
S1623,B,post,BSDS3004,Reinforcement Learning,76.43
S1624,A,pre,BSDS3002,Classification,65.82
S1625,B,post,BSDS3003,Data Cleaning,57.02
S1626,A,pre,BSDS3001,Smart Contracts,61.91
S1627,B,post,BSDS3001,Data Cleaning,60.29
S1628,C,pre,BSDS3003,Smart Contracts,68.19
S1629,C,post,BSDS3002,Data Governance,87.13
S1630,A,pre,BSDS3003,Regression Models,46.25
S1631,D,post,BSDS3003,Data Governance,71.92
S1632,A,pre,BSDS3004,Blockchain Concepts,63.4
S1633,A,post,BSDS3003,Deep Learning,76.01
S1634,B,pre,BSDS3001,Smart Contracts,67.13
S1635,B,post,BSDS3003,Financial Modeling,62.09
S1636,A,pre,BSDS3001,Data Visualization,61.81
S1637,C,post,BSDS3001,Machine Learning,57.9
S1638,B,pre,BSDS3001,Data Cleaning,75.76
S1639,D,post,BSDS3002,Deep Learning,74.42
S1640,B,pre,BSDS3004,Feature Engineering,84.01
S1641,B,post,BSDS3001,Deep Learning,83.17
S1642,D,pre,BSDS3001,Text Mining,57.92
S1643,A,post,BSDS3002,Blockchain Concepts,53.85
S1644,D,pre,BSDS3001,Text Mining,46.97
S1645,A,post,BSDS3003,Regression Models,50.05
S1646,A,pre,BSDS3003,Smart Contracts,67.67
S1647,A,post,BSDS3004,Regression Models,74.76
S1648,D,pre,BSDS3001,Feature Engineering,49.19
S1649,A,post,BSDS3002,Financial Modeling,79.75
S1650,C,pre,BSDS3003,Classification,60.17
S1651,D,post,BSDS3002,Text Mining,71.93
S1652,C,pre,BSDS3002,AI Ethics,81.12
S1653,A,post,BSDS3003,Text Mining,80.68
S1654,B,pre,BSDS3002,Feature Engineering,62.31
S1655,A,post,BSDS3003,Neural Networks,67.34
S1656,C,pre,BSDS3002,Feature Engineering,43.48
S1657,C,post,BSDS3003,Reinforcement Learning,67.28
S1658,D,pre,BSDS3001,Regression Models,62.89
S1659,B,post,BSDS3004,Deep Learning,55.42
S1660,D,pre,BSDS3003,Machine Learning,63.69
S1661,C,post,BSDS3003,Data Cleaning,77.15
S1662,A,pre,BSDS3004,Machine Learning,62.75
S1663,B,post,BSDS3003,Regression Models,60.88
S1664,A,pre,BSDS3003,Data Cleaning,66.69
S1665,A,post,BSDS3002,Neural Networks,84.24
S1666,B,pre,BSDS3004,Reinforcement Learning,54.1
S1667,D,post,BSDS3001,AI Ethics,86.86
S1668,A,pre,BSDS3003,Blockchain Concepts,64.01
S1669,C,post,BSDS3004,Data Visualization,71.72
S1670,A,pre,BSDS3002,Regression Models,72.08
S1671,B,post,BSDS3001,Deep Learning,71.63
S1672,B,pre,BSDS3004,Smart Contracts,74.53
S1673,B,post,BSDS3001,Regression Models,74.78
S1674,D,pre,BSDS3001,Regression Models,58.88
S1675,A,post,BSDS3001,Text Mining,75.42
S1676,D,pre,BSDS3003,Text Mining,53.56
S1677,D,post,BSDS3003,Data Cleaning,80.59
S1678,B,pre,BSDS3002,Data Governance,64.67
S1679,B,post,BSDS3002,Data Governance,70.28
S1680,D,pre,BSDS3004,Data Structures,63.71
S1681,A,post,BSDS3002,Feature Engineering,48.11
S1682,C,pre,BSDS3001,Deep Learning,59.51
S1683,D,post,BSDS3001,Data Structures,69.26
S1684,A,pre,BSDS3003,Financial Modeling,66.6
S1685,B,post,BSDS3001,Neural Networks,58.33
S1686,B,pre,BSDS3004,Data Governance,77.66
S1687,A,post,BSDS3001,Smart Contracts,60.99
S1688,C,pre,BSDS3001,Text Mining,74.69
S1689,B,post,BSDS3004,AI Ethics,75.12
S1690,B,pre,BSDS3002,Classification,58.54
S1691,B,post,BSDS3002,Neural Networks,94.09
S1692,A,pre,BSDS3004,Classification,53.06
S1693,D,post,BSDS3003,Deep Learning,83.07
S1694,B,pre,BSDS3001,Deep Learning,75.01
S1695,D,post,BSDS3004,Financial Modeling,64.24
S1696,C,pre,BSDS3001,Classification,78.92
S1697,B,post,BSDS3003,Deep Learning,69.58
S1698,B,pre,BSDS3001,AI Ethics,67.89
S1699,C,post,BSDS3004,Machine Learning,76.38
S1700,B,pre,BSDS3001,Data Structures,63.66
S1701,D,post,BSDS3002,Regression Models,83.04
S1702,A,pre,BSDS3003,Reinforcement Learning,72.93
S1703,D,post,BSDS3003,Blockchain Concepts,58.24
S1704,A,pre,BSDS3003,Classification,78.04
S1705,A,post,BSDS3004,Smart Contracts,55.14
S1706,D,pre,BSDS3003,Neural Networks,75.33
S1707,D,post,BSDS3002,Machine Learning,80.72
S1708,D,pre,BSDS3004,Reinforcement Learning,54.09
S1709,D,post,BSDS3002,Classification,73.81
S1710,C,pre,BSDS3001,Machine Learning,53.94
S1711,B,post,BSDS3001,Data Governance,72.68
S1712,A,pre,BSDS3001,Machine Learning,61.92
S1713,D,post,BSDS3001,Classification,78.46
S1714,D,pre,BSDS3002,Data Cleaning,78.1
S1715,D,post,BSDS3004,Feature Engineering,83.32
S1716,C,pre,BSDS3004,Smart Contracts,59.38
S1717,D,post,BSDS3003,Regression Models,68.24
S1718,D,pre,BSDS3002,Regression Models,48.17
S1719,D,post,BSDS3001,Smart Contracts,64.19
S1720,B,pre,BSDS3002,Data Cleaning,74.65
S1721,C,post,BSDS3003,Text Mining,80.67
S1722,D,pre,BSDS3003,Deep Learning,52.66
S1723,A,post,BSDS3002,Regression Models,68.91
S1724,A,pre,BSDS3002,Text Mining,64.74
S1725,A,post,BSDS3002,Machine Learning,73.8
S1726,C,pre,BSDS3004,AI Ethics,56.9
S1727,C,post,BSDS3001,Neural Networks,82.79
S1728,A,pre,BSDS3002,Data Governance,60.26
S1729,D,post,BSDS3002,Data Structures,74.39
S1730,C,pre,BSDS3002,Regression Models,70.46
S1731,A,post,BSDS3003,Smart Contracts,64.54
S1732,A,pre,BSDS3003,AI Ethics,60.64
S1733,D,post,BSDS3004,Classification,72.77
S1734,B,pre,BSDS3001,Reinforcement Learning,64.12
S1735,C,post,BSDS3004,Financial Modeling,85.0
S1736,D,pre,BSDS3001,Feature Engineering,62.41
S1737,A,post,BSDS3003,Smart Contracts,95.89
S1738,A,pre,BSDS3003,Deep Learning,70.61
S1739,D,post,BSDS3003,Financial Modeling,71.19
S1740,C,pre,BSDS3004,Financial Modeling,71.97
S1741,B,post,BSDS3002,Machine Learning,67.96
S1742,B,pre,BSDS3002,Feature Engineering,76.73
S1743,A,post,BSDS3003,Neural Networks,78.01
S1744,C,pre,BSDS3002,Neural Networks,63.93
S1745,B,post,BSDS3002,Data Cleaning,80.48
S1746,C,pre,BSDS3004,Text Mining,49.29
S1747,C,post,BSDS3001,Blockchain Concepts,57.21
S1748,A,pre,BSDS3003,Financial Modeling,53.06
S1749,B,post,BSDS3003,Data Cleaning,79.46
S1750,D,pre,BSDS3004,Deep Learning,82.33
S1751,A,post,BSDS3004,Text Mining,96.75
S1752,B,pre,BSDS3002,Data Governance,71.38
S1753,B,post,BSDS3003,Financial Modeling,81.04
S1754,B,pre,BSDS3001,AI Ethics,46.99
S1755,B,post,BSDS3004,Feature Engineering,74.97
S1756,B,pre,BSDS3001,Blockchain Concepts,57.12
S1757,C,post,BSDS3001,Classification,69.47
S1758,A,pre,BSDS3003,Machine Learning,63.32
S1759,C,post,BSDS3003,Feature Engineering,73.46
S1760,D,pre,BSDS3004,Data Cleaning,45.21
S1761,B,post,BSDS3003,Data Structures,83.46
S1762,A,pre,BSDS3003,Data Visualization,54.27
S1763,B,post,BSDS3003,Blockchain Concepts,75.14
S1764,A,pre,BSDS3001,Blockchain Concepts,85.74
S1765,C,post,BSDS3004,Deep Learning,64.82
S1766,A,pre,BSDS3002,Machine Learning,39.7
S1767,D,post,BSDS3001,Regression Models,71.0
S1768,D,pre,BSDS3003,Neural Networks,76.01
S1769,A,post,BSDS3001,Neural Networks,96.53
S1770,A,pre,BSDS3003,Data Governance,52.7
S1771,A,post,BSDS3003,Data Structures,76.14
S1772,A,pre,BSDS3001,AI Ethics,60.35
S1773,D,post,BSDS3004,Deep Learning,75.76
S1774,B,pre,BSDS3003,AI Ethics,91.44
S1775,A,post,BSDS3004,Classification,63.86
S1776,A,pre,BSDS3002,Text Mining,67.54
S1777,D,post,BSDS3003,Feature Engineering,76.76
S1778,D,pre,BSDS3004,Data Governance,75.86
S1779,C,post,BSDS3004,Data Governance,72.41
S1780,A,pre,BSDS3002,Data Visualization,68.08
S1781,C,post,BSDS3004,Smart Contracts,67.22
S1782,D,pre,BSDS3004,Regression Models,67.69
S1783,D,post,BSDS3002,Data Cleaning,68.81
S1784,B,pre,BSDS3003,Financial Modeling,71.22
S1785,A,post,BSDS3004,Reinforcement Learning,64.71
S1786,C,pre,BSDS3004,Smart Contracts,68.77
S1787,D,post,BSDS3004,Text Mining,60.74
S1788,D,pre,BSDS3001,Smart Contracts,76.26
S1789,C,post,BSDS3002,Deep Learning,65.96
S1790,B,pre,BSDS3001,Financial Modeling,47.27
S1791,D,post,BSDS3002,Blockchain Concepts,88.73
S1792,A,pre,BSDS3003,Data Structures,55.94
S1793,D,post,BSDS3003,Neural Networks,72.55
S1794,A,pre,BSDS3004,Classification,59.04
S1795,C,post,BSDS3002,AI Ethics,93.73
S1796,A,pre,BSDS3003,Data Visualization,43.64
S1797,C,post,BSDS3002,Deep Learning,100.0
S1798,A,pre,BSDS3003,Data Structures,75.56
S1799,C,post,BSDS3001,Blockchain Concepts,70.81
S1800,A,pre,BSDS3003,Reinforcement Learning,64.45
S1801,B,post,BSDS3001,Data Cleaning,73.42
S1802,A,pre,BSDS3003,Classification,70.21
S1803,A,post,BSDS3004,Deep Learning,75.23
S1804,B,pre,BSDS3001,Blockchain Concepts,70.56
S1805,D,post,BSDS3003,Data Visualization,72.86
S1806,D,pre,BSDS3004,Neural Networks,63.03
S1807,A,post,BSDS3001,Data Governance,69.21
S1808,B,pre,BSDS3004,Neural Networks,63.05
S1809,A,post,BSDS3002,Deep Learning,85.42
S1810,C,pre,BSDS3002,Neural Networks,70.94
S1811,C,post,BSDS3001,Data Structures,43.32
S1812,A,pre,BSDS3003,Data Structures,71.56
S1813,D,post,BSDS3001,AI Ethics,82.9
S1814,D,pre,BSDS3004,Deep Learning,64.81
S1815,A,post,BSDS3003,AI Ethics,69.54
S1816,A,pre,BSDS3002,Deep Learning,76.24
S1817,C,post,BSDS3003,Data Governance,79.09
S1818,D,pre,BSDS3002,Data Governance,57.27
S1819,A,post,BSDS3003,Data Cleaning,77.87
S1820,C,pre,BSDS3003,Deep Learning,55.28
S1821,D,post,BSDS3003,Data Visualization,64.29
S1822,B,pre,BSDS3004,Text Mining,58.73
S1823,C,post,BSDS3004,Classification,82.78
S1824,D,pre,BSDS3001,Machine Learning,74.53
S1825,D,post,BSDS3001,Financial Modeling,74.29
S1826,C,pre,BSDS3002,Machine Learning,72.25
S1827,B,post,BSDS3004,Blockchain Concepts,78.54
S1828,C,pre,BSDS3002,Data Governance,58.59
S1829,D,post,BSDS3001,Neural Networks,86.97
S1830,A,pre,BSDS3002,Classification,73.0
S1831,A,post,BSDS3001,Smart Contracts,82.95
S1832,C,pre,BSDS3004,Text Mining,76.89
S1833,D,post,BSDS3003,Data Structures,79.23
S1834,A,pre,BSDS3004,Feature Engineering,68.51
S1835,D,post,BSDS3002,Regression Models,84.01
S1836,C,pre,BSDS3002,Data Cleaning,64.73
S1837,A,post,BSDS3004,Neural Networks,59.21
S1838,D,pre,BSDS3004,Neural Networks,63.37
S1839,A,post,BSDS3001,Data Visualization,64.93
S1840,C,pre,BSDS3002,Neural Networks,58.25
S1841,D,post,BSDS3002,Data Structures,68.11
S1842,A,pre,BSDS3004,Data Structures,57.08
S1843,C,post,BSDS3003,Regression Models,77.47
S1844,A,pre,BSDS3002,Financial Modeling,46.06
S1845,A,post,BSDS3003,Deep Learning,69.79
S1846,B,pre,BSDS3004,Smart Contracts,65.01
S1847,B,post,BSDS3004,Classification,58.64
S1848,C,pre,BSDS3001,Neural Networks,71.59
S1849,B,post,BSDS3002,Machine Learning,80.49
S1850,C,pre,BSDS3003,AI Ethics,48.92
S1851,B,post,BSDS3001,Data Visualization,70.68
S1852,A,pre,BSDS3002,Data Visualization,57.31
S1853,C,post,BSDS3001,Financial Modeling,58.01
S1854,C,pre,BSDS3004,Machine Learning,73.29
S1855,A,post,BSDS3002,Blockchain Concepts,75.22
S1856,C,pre,BSDS3001,Machine Learning,62.35
S1857,C,post,BSDS3001,Text Mining,41.63
S1858,B,pre,BSDS3003,Blockchain Concepts,71.35
S1859,C,post,BSDS3001,Feature Engineering,62.81
S1860,D,pre,BSDS3002,Data Governance,65.6
S1861,A,post,BSDS3002,AI Ethics,73.92
S1862,B,pre,BSDS3003,Data Governance,78.61
S1863,B,post,BSDS3002,Data Visualization,64.53
S1864,D,pre,BSDS3004,Machine Learning,34.8
S1865,A,post,BSDS3002,Feature Engineering,73.28
S1866,A,pre,BSDS3002,Deep Learning,83.01
S1867,B,post,BSDS3001,Data Cleaning,87.19
S1868,C,pre,BSDS3001,Classification,67.1
S1869,B,post,BSDS3002,Feature Engineering,68.22
S1870,A,pre,BSDS3003,Reinforcement Learning,73.07
S1871,D,post,BSDS3001,Financial Modeling,60.63
S1872,B,pre,BSDS3003,Text Mining,69.76
S1873,A,post,BSDS3002,Classification,74.13
S1874,B,pre,BSDS3002,Reinforcement Learning,75.6
S1875,C,post,BSDS3004,Machine Learning,100.0
S1876,B,pre,BSDS3001,Smart Contracts,68.92
S1877,B,post,BSDS3002,Deep Learning,68.59
S1878,A,pre,BSDS3004,Feature Engineering,64.74
S1879,A,post,BSDS3001,AI Ethics,54.48
S1880,A,pre,BSDS3002,Machine Learning,58.05
S1881,B,post,BSDS3002,Neural Networks,69.54
S1882,C,pre,BSDS3001,Data Structures,59.76
S1883,D,post,BSDS3001,Feature Engineering,75.42
S1884,D,pre,BSDS3001,AI Ethics,56.78
S1885,A,post,BSDS3002,Text Mining,76.01
S1886,A,pre,BSDS3002,Reinforcement Learning,65.0
S1887,B,post,BSDS3004,Data Cleaning,71.56
S1888,D,pre,BSDS3003,Neural Networks,61.72
S1889,A,post,BSDS3001,Data Governance,79.34
S1890,C,pre,BSDS3002,Data Cleaning,73.25
S1891,C,post,BSDS3002,Data Governance,61.49
S1892,A,pre,BSDS3001,Machine Learning,58.42
S1893,A,post,BSDS3003,Data Structures,66.83
S1894,D,pre,BSDS3001,Feature Engineering,51.54
S1895,D,post,BSDS3003,Feature Engineering,61.38
S1896,B,pre,BSDS3002,Smart Contracts,60.24
S1897,D,post,BSDS3003,Data Visualization,82.56
S1898,C,pre,BSDS3004,Smart Contracts,67.63
S1899,C,post,BSDS3002,Financial Modeling,73.35
S1900,A,pre,BSDS3004,Machine Learning,73.51
S1901,D,post,BSDS3001,Machine Learning,70.29
S1902,B,pre,BSDS3001,Data Structures,68.9
S1903,C,post,BSDS3001,Smart Contracts,69.85
S1904,C,pre,BSDS3003,AI Ethics,67.65
S1905,B,post,BSDS3002,Data Governance,68.46
S1906,B,pre,BSDS3001,AI Ethics,40.61
S1907,C,post,BSDS3001,Data Structures,71.73
S1908,C,pre,BSDS3002,Deep Learning,79.23
S1909,B,post,BSDS3001,Data Visualization,85.03
S1910,C,pre,BSDS3004,AI Ethics,74.65
S1911,A,post,BSDS3002,Blockchain Concepts,92.17
S1912,A,pre,BSDS3002,Financial Modeling,65.89
S1913,B,post,BSDS3002,Classification,81.5
S1914,D,pre,BSDS3004,Data Structures,58.82
S1915,B,post,BSDS3002,Data Structures,77.11
S1916,B,pre,BSDS3004,Regression Models,71.16
S1917,D,post,BSDS3002,Data Governance,87.25
S1918,D,pre,BSDS3003,Reinforcement Learning,63.61
S1919,D,post,BSDS3001,Financial Modeling,67.5
S1920,A,pre,BSDS3003,Neural Networks,65.01
S1921,C,post,BSDS3001,Reinforcement Learning,79.57
S1922,A,pre,BSDS3004,Neural Networks,50.56
S1923,C,post,BSDS3003,Blockchain Concepts,45.57
S1924,A,pre,BSDS3002,Smart Contracts,59.49
S1925,C,post,BSDS3001,Financial Modeling,62.03
S1926,A,pre,BSDS3001,Deep Learning,59.92
S1927,D,post,BSDS3003,Machine Learning,76.4
S1928,B,pre,BSDS3004,Machine Learning,60.47
S1929,A,post,BSDS3003,Reinforcement Learning,88.1
S1930,C,pre,BSDS3004,Data Cleaning,68.27
S1931,D,post,BSDS3004,Data Governance,79.04
S1932,A,pre,BSDS3001,Blockchain Concepts,71.22
S1933,A,post,BSDS3003,Data Structures,63.29
S1934,D,pre,BSDS3003,Blockchain Concepts,75.39
S1935,A,post,BSDS3004,Blockchain Concepts,77.36
S1936,B,pre,BSDS3003,Reinforcement Learning,71.7
S1937,A,post,BSDS3002,Text Mining,64.62
S1938,B,pre,BSDS3002,Blockchain Concepts,49.46
S1939,B,post,BSDS3003,Neural Networks,83.5
S1940,D,pre,BSDS3003,Text Mining,68.76
S1941,A,post,BSDS3004,Data Governance,67.4
S1942,D,pre,BSDS3002,Blockchain Concepts,56.3
S1943,A,post,BSDS3002,Data Visualization,88.54
S1944,A,pre,BSDS3001,Classification,53.11
S1945,C,post,BSDS3004,Machine Learning,90.87
S1946,A,pre,BSDS3001,Text Mining,55.99
S1947,D,post,BSDS3002,Data Cleaning,81.67
S1948,B,pre,BSDS3004,Financial Modeling,61.71
S1949,A,post,BSDS3003,Classification,71.55
S1950,C,pre,BSDS3004,Data Cleaning,59.56
S1951,D,post,BSDS3003,Regression Models,70.24
S1952,A,pre,BSDS3003,Data Cleaning,65.41
S1953,D,post,BSDS3004,Machine Learning,58.14
S1954,C,pre,BSDS3003,Machine Learning,72.41
S1955,C,post,BSDS3001,Text Mining,68.87
S1956,D,pre,BSDS3002,Blockchain Concepts,62.71
S1957,A,post,BSDS3003,Feature Engineering,60.03
S1958,B,pre,BSDS3001,Regression Models,39.38
S1959,C,post,BSDS3003,Text Mining,77.71
S1960,A,pre,BSDS3002,Data Visualization,89.13
S1961,A,post,BSDS3001,Data Structures,78.4
S1962,B,pre,BSDS3002,AI Ethics,64.81
S1963,C,post,BSDS3002,Financial Modeling,68.94
S1964,C,pre,BSDS3001,Data Cleaning,65.22
S1965,A,post,BSDS3001,Feature Engineering,81.43
S1966,A,pre,BSDS3001,Blockchain Concepts,53.19
S1967,B,post,BSDS3004,Neural Networks,89.42
S1968,B,pre,BSDS3001,Data Governance,72.15
S1969,C,post,BSDS3001,Data Structures,78.54
S1970,D,pre,BSDS3001,Deep Learning,69.38
S1971,C,post,BSDS3001,Smart Contracts,73.05
S1972,A,pre,BSDS3003,Feature Engineering,71.73
S1973,C,post,BSDS3004,Data Governance,84.9
S1974,D,pre,BSDS3002,Neural Networks,61.46
S1975,B,post,BSDS3001,Regression Models,69.04
S1976,D,pre,BSDS3003,Deep Learning,66.02
S1977,D,post,BSDS3003,Text Mining,84.41
S1978,D,pre,BSDS3003,Blockchain Concepts,52.61
S1979,B,post,BSDS3002,Data Structures,57.25
S1980,D,pre,BSDS3001,Data Structures,66.65
S1981,D,post,BSDS3004,Reinforcement Learning,65.0
S1982,D,pre,BSDS3004,Data Structures,66.73
S1983,A,post,BSDS3003,Regression Models,73.03
S1984,D,pre,BSDS3002,Deep Learning,62.77
S1985,B,post,BSDS3002,Data Cleaning,89.78
S1986,D,pre,BSDS3002,Smart Contracts,48.99
S1987,D,post,BSDS3004,Data Visualization,61.87
S1988,B,pre,BSDS3003,Regression Models,63.97
S1989,D,post,BSDS3001,AI Ethics,52.98
S1990,B,pre,BSDS3004,Financial Modeling,63.24
S1991,D,post,BSDS3003,Financial Modeling,88.14
S1992,B,pre,BSDS3003,Smart Contracts,65.21
S1993,D,post,BSDS3001,Machine Learning,73.81
S1994,D,pre,BSDS3001,Financial Modeling,52.4
S1995,A,post,BSDS3001,Blockchain Concepts,60.31
S1996,A,pre,BSDS3002,Regression Models,61.25
S1997,D,post,BSDS3001,Neural Networks,70.26
S1998,D,pre,BSDS3003,Smart Contracts,77.82
S1999,C,post,BSDS3001,AI Ethics,79.83
